{
    "training": [
        9.193565666675568,
        7.0088871717453,
        6.507303714752197,
        6.309757828712463,
        6.03969019651413,
        5.770121455192566,
        5.543106198310852,
        5.366096913814545,
        5.229782283306122,
        5.123240649700165,
        5.033837020397186,
        4.9582988023757935,
        4.892454624176025,
        4.8318644762039185,
        4.77806293964386,
        4.728198945522308,
        4.683649897575378,
        4.639641106128693,
        4.600344955921173,
        4.5607670545578,
        4.525006353855133,
        4.489999741315842,
        4.459788918495178,
        4.427495926618576,
        4.397401422262192,
        4.37145608663559,
        4.339807838201523,
        4.3128198981285095,
        4.287016183137894,
        4.260332822799683,
        4.236580908298492,
        4.210511475801468,
        4.187161386013031,
        4.165866136550903,
        4.141494005918503,
        4.121176540851593,
        4.101141631603241,
        4.0792112946510315,
        4.058187037706375,
        4.040236979722977
    ],
    "validation": [
        6.470018281645059,
        5.779039875351088,
        5.662506323749513,
        5.396634809377594,
        5.14152234954775,
        4.93319264135112,
        4.7857360929495245,
        4.675836010253641,
        4.583851832788053,
        4.5174796038534675,
        4.459719343810704,
        4.414479663476516,
        4.373309428076322,
        4.338750678036158,
        4.307804496957002,
        4.277019134319233,
        4.252156246532611,
        4.229279360281167,
        4.206395825854095,
        4.187591288920388,
        4.169191487713836,
        4.1530360416394245,
        4.138000365374494,
        4.12395158332987,
        4.111438205486988,
        4.09906400207512,
        4.088337092636621,
        4.0800579423703365,
        4.0704405737781135,
        4.061961287715989,
        4.054352385892769,
        4.047501215464039,
        4.042659698046176,
        4.037821271613478,
        4.034436727825426,
        4.029278137496232,
        4.024149834581188,
        4.020433717551375,
        4.019293252923261,
        4.018345806815248
    ]
}