{
    "training": [
        9.00612223148346,
        6.896043539047241,
        6.505609929561615,
        6.291711091995239,
        6.020603358745575,
        5.741622626781464,
        5.509418845176697,
        5.325189709663391,
        5.183757245540619,
        5.07279372215271,
        4.983788311481476,
        4.907078385353088,
        4.84055370092392,
        4.780066788196564,
        4.725835144519806,
        4.675743103027344,
        4.627772033214569,
        4.584231913089752,
        4.543680310249329,
        4.502954751253128,
        4.465354263782501,
        4.429748207330704,
        4.395360857248306,
        4.359720438718796,
        4.330229073762894,
        4.298566490411758,
        4.269315659999847,
        4.239201933145523,
        4.212479442358017,
        4.186460256576538,
        4.156501948833466,
        4.132588446140289,
        4.105264604091644,
        4.08132392168045,
        4.059250503778458,
        4.03634586930275,
        4.012333184480667,
        3.9892934262752533,
        3.9690435230731964,
        3.947512060403824
    ],
    "validation": [
        6.3430210685618915,
        5.7785177821566736,
        5.646154797831646,
        5.386023162003665,
        5.138905951284089,
        4.914040172369488,
        4.754254990340399,
        4.63042381329798,
        4.55006969453605,
        4.480313457238144,
        4.430650971769423,
        4.382549986966152,
        4.341190278306687,
        4.30441930516429,
        4.273215709366201,
        4.244581712768662,
        4.221721860837237,
        4.20042070942631,
        4.181288447794654,
        4.162496802310268,
        4.145883103239921,
        4.128756084526132,
        4.116685653099887,
        4.102930389533689,
        4.092549527260216,
        4.079925858575748,
        4.071061841376975,
        4.060942862567221,
        4.0529857222662615,
        4.046789709933482,
        4.04142199488634,
        4.034616839665749,
        4.027805470915285,
        4.026371941962313,
        4.021654116411928,
        4.01947443417666,
        4.017839533032238,
        4.0158704802880365,
        4.016363445239222,
        4.013230920848825
    ]
}