{
    "training": [
        9.530873715877533,
        7.480060040950775,
        6.596497476100922,
        6.364013433456421,
        6.134765028953552,
        5.888184607028961,
        5.65600448846817,
        5.467536509037018,
        5.321628093719482,
        5.201254963874817,
        5.106750726699829,
        5.025487005710602,
        4.958465337753296,
        4.896983563899994,
        4.843607008457184,
        4.797257661819458,
        4.753822147846222,
        4.713573575019836,
        4.676397323608398,
        4.641984164714813,
        4.6087982058525085,
        4.578261852264404,
        4.5473644733428955,
        4.518206417560577,
        4.493111342191696,
        4.463565856218338,
        4.437923848628998,
        4.41411480307579,
        4.389776915311813,
        4.363747090101242,
        4.34012034535408,
        4.316818594932556,
        4.295031279325485,
        4.273646026849747,
        4.253391236066818,
        4.233233541250229,
        4.215376406908035,
        4.191982597112656,
        4.17595899105072,
        4.156299650669098
    ],
    "validation": [
        6.989772721675123,
        5.918707629202644,
        5.712457129133571,
        5.515104583698629,
        5.268968443096903,
        5.044784684378943,
        4.878353204532759,
        4.7490962169723865,
        4.653473383004349,
        4.57851641089912,
        4.518920352456075,
        4.4688047471378205,
        4.426726951923028,
        4.388576569618446,
        4.356249747380843,
        4.325820521266823,
        4.300931549655158,
        4.277362821269942,
        4.256259723118553,
        4.236284650157871,
        4.218675815635469,
        4.203228569831802,
        4.186358890609188,
        4.172270766787276,
        4.158210124260239,
        4.144066676560177,
        4.132161563448792,
        4.120337279959933,
        4.109116819755393,
        4.099588820409257,
        4.090341594869027,
        4.080377451711992,
        4.072325470969089,
        4.064744372696477,
        4.058088298109725,
        4.051911853371369,
        4.046343137844194,
        4.0405639512679485,
        4.035726853643509,
        4.031974597778798
    ]
}