{
    "training": [
        8.983965992927551,
        6.8533050417900085,
        6.4697741866111755,
        6.277920126914978,
        6.004211008548737,
        5.734859645366669,
        5.516019761562347,
        5.3475067019462585,
        5.211083769798279,
        5.0980804562568665,
        5.007317841053009,
        4.929198861122131,
        4.857697784900665,
        4.795308351516724,
        4.739608466625214,
        4.688096523284912,
        4.641502559185028,
        4.594558835029602,
        4.551162958145142,
        4.5090256333351135,
        4.471644848585129,
        4.43277108669281,
        4.396476596593857,
        4.363783985376358,
        4.32716977596283,
        4.294694513082504,
        4.262413442134857,
        4.233013063669205,
        4.200648903846741,
        4.172498285770416,
        4.14438459277153,
        4.115049958229065,
        4.090373128652573,
        4.060402184724808,
        4.033111363649368,
        4.009799987077713,
        3.9861620664596558,
        3.9612240195274353,
        3.936708480119705,
        3.9135659635066986
    ],
    "validation": [
        6.286727159106256,
        5.777430475558635,
        5.607981743698966,
        5.39766391483058,
        5.093180902852191,
        4.918202875055457,
        4.768747628810451,
        4.659398159813435,
        4.574793940916252,
        4.506803741185312,
        4.451202018255634,
        4.4028658673805765,
        4.360733953253229,
        4.322918602675783,
        4.289881023193472,
        4.262263373825724,
        4.235888843850115,
        4.212167339240845,
        4.188637933838566,
        4.168256896559527,
        4.14944840808921,
        4.1340503966057565,
        4.116632696092685,
        4.102066565132274,
        4.088302411663854,
        4.078101611876368,
        4.068725329816601,
        4.05888176025428,
        4.047299122624529,
        4.039833756402622,
        4.036326105413948,
        4.028724221544234,
        4.022632626473029,
        4.018792299580948,
        4.016761419020775,
        4.015048425999484,
        4.0104793743649765,
        4.009673700106847,
        4.009840988068513,
        4.0083045156630135
    ]
}